<?xml version="1.0" encoding="utf-8"?><feed xmlns="http://www.w3.org/2005/Atom" ><generator uri="https://jekyllrb.com/" version="3.10.0">Jekyll</generator><link href="https://puikinsh.github.io/gentelella/feed.xml" rel="self" type="application/atom+xml" /><link href="https://puikinsh.github.io/gentelella/" rel="alternate" type="text/html" /><updated>2025-09-03T13:23:50+03:00</updated><id>https://puikinsh.github.io/gentelella/feed.xml</id><title type="html">Gentelella Admin Template</title><subtitle>Modern Bootstrap 5 Admin Dashboard Template with Performance Optimizations</subtitle></feed>